{"cameraMode":{"drawMode":0,"name":"Shaded","section":"Shading Mode"},"sceneLighting":true,"audioPlay":false,"sceneViewState":{"showFog":true,"showMaterialUpdate":false,"showSkybox":true,"showFlares":true,"showImageEffects":true,"showParticleSystems":true},"in2DMode":false,"pivot":{"x":-11.911941528320313,"y":4.947469711303711,"z":-1.8828105926513672},"rotation":{"x":0.23749898374080659,"y":0.7096114158630371,"z":-0.28031399846076968,"w":0.6012237071990967},"size":12.405303955078125,"orthographic":false}